timestamp,water_true,water_pred,error,error_pct,is_anomaly
2022-02-13 19:00:00,293.99893333333335,293.89972,0.09921409505210477,0.033746413155231615,1
2022-02-13 20:00:00,294.0396666666667,294.02002,0.019647135416676065,0.006681797586218443,1
2022-02-13 21:00:00,294.07106666666664,294.10065,0.02958030598961159,0.010058897063325266,1
2022-02-13 22:00:00,294.15988333333337,293.96918,0.19070608723961868,0.06483075952787504,1
2022-02-13 23:00:00,294.21753333333334,293.91943,0.2980997395833356,0.10131950166015731,1
2022-02-14 00:00:00,294.2323166666667,293.62302,0.6093003092448157,0.20708136824558032,1
2022-02-14 01:00:00,294.24480000000005,295.77472,1.5299192382811952,0.5199477554341547,1
2022-02-14 02:00:00,294.25581666666665,295.7782,1.5223815755208534,0.5173666871203236,1
2022-02-14 03:00:00,294.2681333333333,295.91385,1.645715543619815,0.5592571371508491,1
2022-02-14 04:00:00,294.272,295.922,1.6499970703125086,0.5607047441501268,1
2022-02-14 05:00:00,294.30011666666667,296.0004,1.7002800618489573,0.5777367930837006,1
2022-02-14 06:00:00,294.3137666666667,295.7175,1.4037321126301663,0.4769508826444036,1
2022-02-14 07:00:00,294.3622833333333,295.6186,1.2563079752604267,0.4267897220955774,1
2022-02-14 08:00:00,294.45438333333334,295.5775,1.1231313151041604,0.3814279477098001,1
2022-02-14 09:00:00,294.61125,295.35062,0.7393664550781409,0.2509634145228693,1
2022-02-14 10:00:00,294.70646666666664,295.12033,0.4138641438802324,0.1404326641206739,1
2022-02-14 11:00:00,294.78656666666666,295.08713,0.3005610188802166,0.1019588583222284,1
2022-02-14 12:00:00,294.85476666666665,294.99377,0.1390077473958513,0.04714448014386513,1
2022-02-14 13:00:00,295.01438333333334,294.95795,0.05643655598959185,0.019130103136199908,1
2022-02-14 14:00:00,295.15425,295.1161,0.03816113281249045,0.012929216734367975,1
2022-02-14 15:00:00,295.3092666666667,295.1047,0.20456085611982644,0.0692700428049981,1
2022-02-14 16:00:00,295.45183333333335,295.16864,0.2831931966146044,0.0958508845455674,1
2022-02-14 17:00:00,291.5070847457627,295.1427,3.635615449549789,1.2471791003806278,1
2022-02-14 18:00:00,295.64865000000003,288.05878,7.589873144531282,2.5671935653551423,1
2022-02-14 19:00:00,295.6849666666667,295.1485,0.5364681315104463,0.18143233176304743,1
2022-02-14 20:00:00,295.70485,295.5155,0.18934707031252174,0.06403245319520366,1
2022-02-14 21:00:00,295.71569999999997,295.63602,0.0796831542968448,0.026945865244011786,1
2022-02-14 22:00:00,295.7270833333333,262.53937,33.187715657552076,11.22241330460758,1
2022-02-14 23:00:00,295.73271666666665,262.50772,33.22499571940102,11.234805530327009,1
2022-02-15 00:00:00,295.74348333333336,260.15024,35.593245296223984,12.035174799018304,1
2022-02-15 01:00:00,295.82401666666664,262.9485,32.87553033854164,11.113205275842631,-1
2022-02-15 02:00:00,295.8584166666667,262.7309,33.12752067057295,11.197085731695005,-1
2022-02-15 03:00:00,295.8659333333334,262.57538,33.29055491536462,11.251905357194069,1
2022-02-15 04:00:00,295.8859333333333,261.85406,34.03186839192705,11.50168508976439,1
2022-02-15 05:00:00,295.92310000000003,262.0778,33.84531069335941,11.437197900058301,1
2022-02-15 06:00:00,295.9690166666667,261.5017,34.467307682291676,11.645579646823126,1
2022-02-15 07:00:00,296.01034999999996,261.37192,34.638432275390585,11.701763860072106,1
2022-02-15 08:00:00,296.0778166666667,261.3637,34.714108170572956,11.724656863573326,1
2022-02-15 09:00:00,296.18753333333336,261.16214,35.02539344075524,11.825411059108653,1
2022-02-15 10:00:00,296.25381666666664,261.20596,35.04785353190101,11.830346629097454,1
2022-02-15 11:00:00,296.3414166666667,294.30386,2.037553141276078,0.6875694789204173,1
2022-02-15 12:00:00,296.41016666666667,295.27618,1.1339825846354188,0.3825720937854801,1
2022-02-15 13:00:00,296.52455,295.24335,1.2812028320312265,0.4320731041360642,1
2022-02-15 14:00:00,296.602,295.2815,1.3205058593749754,0.4452113791959804,1
2022-02-15 15:00:00,296.66606666666667,295.28082,1.3852439127604157,0.46693709316188886,1
2022-02-15 16:00:00,296.7807166666667,295.28082,1.4998939127604558,0.5053879256552921,1
2022-02-15 17:00:00,296.9184833333333,295.10898,1.8095050618489381,0.609428229405048,1
2022-02-15 18:00:00,297.02748333333335,295.1415,1.8859733235677254,0.6349490949636258,1
2022-02-15 19:00:00,297.12778333333335,295.1485,1.9792847981771047,0.6661392513722785,1
2022-02-15 20:00:00,297.2002166666667,295.2405,1.9597076334635517,0.6593897032947389,1
2022-02-15 21:00:00,297.26398333333333,295.17593,2.0880494954427036,0.7024226295444169,1
2022-02-15 22:00:00,297.33655,295.2601,2.0764486816406134,0.6983496225597281,1
2022-02-15 23:00:00,297.39863333333335,295.14383,2.2548039876302255,0.7581756361069814,1
2022-02-16 00:00:00,297.46413333333334,260.03577,37.428366731770836,12.58248051169397,1
2022-02-16 01:00:00,297.52118333333334,262.57285,34.948337874348965,11.74650401875046,1
2022-02-16 02:00:00,297.58161666666666,262.54297,35.03864791666666,11.774466511542014,1
2022-02-16 03:00:00,297.6313166666667,262.38745,35.24386549479169,11.8414506145026,1
2022-02-16 04:00:00,297.66966666666667,295.29596,2.3737071940104215,0.7974299876158432,1
2022-02-16 05:00:00,297.7183333333333,295.2741,2.4442244466145553,0.8209855305309941,1
2022-02-16 06:00:00,297.75983333333335,295.0359,2.723944661458347,0.9148126601954552,1
2022-02-16 07:00:00,297.87683333333337,262.1685,35.70834578450524,11.987620945557149,1
2022-02-16 08:00:00,297.98696666666666,262.15237,35.834592399088535,12.025556916023833,1
2022-02-16 09:00:00,298.0825666666667,261.9807,36.10185377604171,12.111360304844428,1
2022-02-16 10:00:00,298.18778333333336,294.93497,3.252816292317732,1.0908616862324334,1
2022-02-16 11:00:00,298.25865,295.2365,3.0221387695312387,1.0132610602906666,1
2022-02-16 12:00:00,298.51320000000004,295.34326,3.1699382812500403,1.0619089107721036,1
2022-02-16 13:00:00,298.66115,295.1276,3.5335560058593956,1.1831321194698656,1
2022-02-16 14:00:00,298.8059666666667,295.18915,3.616818717447927,1.2104238565551921,1
2022-02-16 15:00:00,298.9756,295.25247,3.723128076171861,1.2452949550795822,1
2022-02-16 16:00:00,299.15798333333333,295.23734,3.920648128255209,1.3105610859734476,1
2022-02-16 17:00:00,299.30425,295.09244,4.2118122558594,1.4072009474597804,1
2022-02-16 18:00:00,299.39771666666667,295.2151,4.182628776041668,1.397014248685216,1
2022-02-16 19:00:00,299.4945666666666,295.24466,4.249907242838503,1.4190264871744158,1
2022-02-16 20:00:00,299.5528166666667,295.26825,4.284567154947922,1.4303210994048,1
2022-02-16 21:00:00,299.60383333333334,295.32486,4.278973714192716,1.4282105980766635,1
2022-02-16 22:00:00,299.6546666666666,295.76447,3.8902013346353783,1.2982281787657004,1
2022-02-16 23:00:00,299.71361666666667,295.65866,4.054955777994792,1.3529434563445841,1
2022-02-17 00:00:00,299.7692166666667,293.58228,6.1869412760416935,2.063901465333697,1
2022-02-17 01:00:00,299.86744999999996,296.2002,3.6672546874999625,1.222958568951174,1
2022-02-17 02:00:00,299.92285,296.11166,3.8111861816406076,1.2707221770309884,1
2022-02-17 03:00:00,299.96316666666667,296.22314,3.740022135416666,1.2468271236463127,1
2022-02-17 04:00:00,300.00033333333334,296.33557,3.6647620442708444,1.2215859867005652,1
2022-02-17 05:00:00,300.03866666666664,296.2311,3.807557047526018,1.269022115428166,1
2022-02-17 06:00:00,300.09000000000003,295.8334,4.256595458984407,1.4184396163817554,1
2022-02-17 07:00:00,304.7156610169491,296.01398,8.701683966167877,2.8556733541592183,1
2022-02-17 08:00:00,300.29816666666665,295.8517,4.446451578776021,1.480678891025275,1
2022-02-17 09:00:00,300.39571666666666,295.84064,4.555079459635408,1.5163596522004819,1
2022-02-17 10:00:00,300.5153,295.89444,4.6208603027344,1.5376455998606204,1
2022-02-17 11:00:00,300.70935000000003,295.7273,4.982055078125029,1.6567675935441821,1
2022-02-17 12:00:00,300.8347,295.81497,5.019728076171873,1.6686000848591842,1
2022-02-17 13:00:00,300.9407166666667,295.99564,4.945080680338549,1.643207578781648,1
2022-02-17 14:00:00,301.0474666666667,295.93155,5.115917594401083,1.699372405970761,1
2022-02-17 15:00:00,301.14675,295.93365,5.213095214843747,1.7310813407526178,1
2022-02-17 16:00:00,301.2414,295.87253,5.368871923828124,1.7822490222146203,1
2022-02-17 17:00:00,301.28605,295.73972,5.546334423828114,1.840886561266029,1
2022-02-17 18:00:00,301.29918333333336,295.78064,5.51854368489586,1.831582683207859,1
2022-02-17 19:00:00,301.30578333333335,295.76312,5.542660774739602,1.8395467538080117,1
2022-02-17 20:00:00,301.3279166666667,296.1522,5.175725504557306,1.7176388914228549,1
2022-02-17 21:00:00,301.3459166666667,296.2524,5.093505777994835,1.6902521253428786,1
2022-02-17 22:00:00,301.36323333333337,296.24326,5.119977718098994,1.6989390658171204,1
2022-02-17 23:00:00,301.3722333333333,296.20126,5.170969905598952,1.715808331526517,1
2022-02-18 00:00:00,301.3781833333333,292.27872,9.099466292317686,3.01928499318763,1
2022-02-18 01:00:00,301.41993333333335,295.0137,6.406230940755222,2.1253507850846782,1
2022-02-18 02:00:00,301.4313833333334,295.0169,6.414476595052122,2.1280055523212438,1
2022-02-18 03:00:00,301.43275,294.84344,6.589305175781249,2.185995103027557,1
2022-02-18 04:00:00,301.43343333333337,294.84344,6.589988509114619,2.1862168420996158,1
2022-02-18 05:00:00,301.43605,294.84647,6.589583935546898,2.1860636488854803,1
2022-02-18 06:00:00,301.44120000000004,294.4876,6.953590136718788,2.3067815924468755,1
2022-02-18 07:00:00,301.4530833333334,294.35013,7.102955159505257,2.356239006548404,1
2022-02-18 08:00:00,301.45976666666667,294.37158,7.088184635416667,2.351287102182833,1
2022-02-18 09:00:00,301.48315,294.3898,7.093348974609398,2.3528177117298994,1
2022-02-18 10:00:00,301.51623333333333,294.19214,7.324094661458332,2.429087998413171,1
2022-02-18 11:00:00,301.5473333333333,294.3077,7.239624593098938,2.4008252664890706,1
2022-02-18 12:00:00,301.5906166666666,294.22797,7.3626503580728695,2.4412730127468514,1
2022-02-18 13:00:00,301.65340000000003,294.06384,7.589557226562533,2.515985963162581,1
2022-02-18 14:00:00,301.73938333333336,294.1216,7.61777078450524,2.524619317208469,1
2022-02-18 15:00:00,301.78458333333333,294.08557,7.69901204427083,2.55116147210719,1
2022-02-18 16:00:00,301.80255,294.16077,7.6417833984374965,2.532047318061767,1
2022-02-18 17:00:00,301.82261666666665,294.1474,7.675216764322897,2.542956132200609,1
2022-02-18 18:00:00,301.8376166666667,294.15002,7.68759225260419,2.5469298068387074,1
2022-02-18 19:00:00,301.8760333333333,294.1313,7.744746712239532,2.565538774663953,1
2022-02-18 20:00:00,301.9061,294.45465,7.451449121093731,2.468134660549219,1
2022-02-18 21:00:00,301.92178333333334,294.3665,7.555297737630212,2.502402320625156,1
2022-02-18 22:00:00,301.9420166666667,294.82672,7.115295475260439,2.3565105414097993,1
2022-02-18 23:00:00,301.95736666666664,294.57166,7.385711393229144,2.445945084996997,1
2022-02-19 00:00:00,301.9689833333333,292.2568,9.712177913411438,3.2162832665922054,1
2022-02-19 01:00:00,301.99375,294.697,7.296759033203102,2.4161953712754483,1
2022-02-19 02:00:00,302.0018166666667,294.7002,7.301621354166684,2.417740863475802,1
2022-02-19 03:00:00,302.0036666666667,294.80774,7.195927408854175,2.3827284828860433,1
2022-02-19 04:00:00,302.01235,294.80774,7.204610742187526,2.385535134020902,1
2022-02-19 05:00:00,302.01623333333333,294.81076,7.205472835286457,2.385789906688865,1
2022-02-19 06:00:00,302.0187666666667,294.52975,7.489012027994818,2.4796512103712445,1
2022-02-19 07:00:00,302.0272166666667,294.79486,7.232355826822925,2.394603997181783,1
2022-02-19 08:00:00,302.0327,294.51407,7.518631396484352,2.4893434954529488,1
2022-02-19 09:00:00,302.0512,294.54572,7.505484667968744,2.4848385449620327,1
2022-02-19 10:00:00,302.06898333333334,294.1192,7.949781673177085,2.631776873988657,1
2022-02-19 11:00:00,302.0796,294.32095,7.758646630859403,2.5684113078722595,1
2022-02-19 12:00:00,302.09798333333333,294.16223,7.935751888020832,2.626880118228318,1
2022-02-19 13:00:00,302.14523333333335,294.10867,8.036560237630226,2.659833525212618,1
2022-02-19 14:00:00,302.16665,293.936,8.23064536132813,2.723876157110445,1
2022-02-19 15:00:00,302.1775666666666,293.89023,8.287338395182246,2.742539249082859,1
2022-02-19 16:00:00,302.1927,293.93192,8.260784716796877,2.733614905145203,1
2022-02-19 17:00:00,302.25096666666667,293.9208,8.330159781901045,2.7560407320474973,1
2022-02-19 18:00:00,302.27183333333335,293.96158,8.310254964192723,2.7492654029513397,1
2022-02-19 19:00:00,302.3101833333333,294.15485,8.155337141927077,2.6976719821436244,1
2022-02-19 20:00:00,302.32390000000004,294.41083,7.913072363281287,2.6174154068226603,1
2022-02-19 21:00:00,302.3328833333333,294.5712,7.761685823567689,2.567264834813715,1
2022-02-19 22:00:00,302.3481333333333,294.5712,7.776935823567669,2.5721792002175015,1
2022-02-19 23:00:00,302.35545,294.49707,7.858379687500019,2.5990534192485977,1
2022-02-20 00:00:00,302.3616666666667,292.34366,10.018008219401054,3.313253395084866,1
2022-02-20 01:00:00,302.3690666666667,294.8713,7.497759293619822,2.4796714000803126,1
2022-02-20 02:00:00,302.37448333333333,295.12244,7.25204680989583,2.398365995029289,1
2022-02-20 03:00:00,302.3765666666667,294.98206,7.39451100260419,2.4454642962796433,1
2022-02-20 04:00:00,302.3768666666667,294.9089,7.467961637369797,2.4697529592780576,1
2022-02-20 05:00:00,302.4048666666667,294.91193,7.492940397135442,2.4777843210495942,1
2022-02-20 06:00:00,302.4167,294.63092,7.785779589843742,2.57452037671813,1
2022-02-20 07:00:00,302.42536666666666,294.91193,7.513440397135412,2.484394895542205,1
2022-02-20 08:00:00,302.42808333333335,294.6269,7.801191243489598,2.5795194453208254,1
2022-02-20 09:00:00,302.4382166666667,294.5375,7.900710563151051,2.6123386865937843,1
2022-02-20 10:00:00,302.4587,294.2006,8.258107958984397,2.7303258037150653,1
2022-02-20 11:00:00,302.47125,294.1376,8.333646240234373,2.755186224370915,1
2022-02-20 12:00:00,302.49210000000005,293.9248,8.56729531250005,2.8322376961836926,1
2022-02-20 13:00:00,302.5252,293.8808,8.644401660156234,2.8574153926952466,1
2022-02-20 14:00:00,302.53773333333334,293.8511,8.68662859700521,2.871254594454774,1
2022-02-20 15:00:00,302.55401666666666,293.96823,8.58578546549478,2.837769444183687,1
2022-02-20 16:00:00,302.56419999999997,293.93475,8.629446582031221,2.8521042983638445,1
2022-02-20 17:00:00,302.5754833333333,293.93622,8.639265071614545,2.855242912574196,1
2022-02-20 18:00:00,302.5891333333333,293.95782,8.63130862630203,2.8524846555771393,1
2022-02-20 19:00:00,302.66725,294.3315,8.335737548828149,2.754092991986156,1
2022-02-20 20:00:00,302.6989333333333,294.3662,8.332722395833287,2.7528086328368966,1
2022-02-20 21:00:00,302.7143833333333,294.50766,8.206723421223899,2.7110450794393315,1
2022-02-20 22:00:00,302.7350833333333,294.55417,8.180914632161432,2.7023345015253173,1
2022-02-20 23:00:00,302.74476666666664,294.5262,8.21855206705726,2.7146801348210894,1
2022-02-21 00:00:00,302.7508833333333,293.48416,9.266721956380195,3.0608405907007668,1
2022-02-21 01:00:00,302.7885333333333,296.1449,6.643635872395805,2.1941504116143222,1
2022-02-21 02:00:00,302.7953666666666,296.39603,6.3993400553384845,2.1134207252414843,1
2022-02-21 03:00:00,302.7964166666667,296.2638,6.532622721354187,2.1574306498386724,1
2022-02-21 04:00:00,302.80814999999996,295.97464,6.83351010742183,2.2567127353919316,1
2022-02-21 05:00:00,302.8136666666667,295.92276,6.890906656901052,2.2756260343197163,1
2022-02-21 06:00:00,302.8177833333333,295.67,7.147769905598921,2.3604194586308895,1
2022-02-21 07:00:00,302.8394333333333,295.59885,7.240586897786443,2.3908996243259315,1
2022-02-21 08:00:00,302.85901666666666,295.66946,7.189552555338537,2.373894167236426,1
2022-02-21 09:00:00,302.9243666666667,295.20746,7.716908170572935,2.5474702580099144,1
2022-02-21 10:00:00,302.9518166666667,295.28226,7.669559586588548,2.531610354959893,1
2022-02-21 11:00:00,302.97675,295.34903,7.627720458984356,2.5175926647204547,1
2022-02-21 12:00:00,303.0046166666667,295.47,7.5346154459635954,2.486633868481956,1
2022-02-21 13:00:00,303.06785,295.31375,7.754098779296896,2.558535573374589,1
2022-02-21 14:00:00,303.09256666666664,295.3756,7.716956315104142,2.546072434079298,1
2022-02-21 15:00:00,303.1278333333333,295.29944,7.828394856770785,2.5825391040013574,1
2022-02-21 16:00:00,303.1496833333333,295.31036,7.839319563802064,2.5859566969504773,1
2022-02-21 17:00:00,303.16625,295.19724,7.969014892578116,2.628595652151966,1
2022-02-21 18:00:00,303.1813333333333,295.2645,7.916837483723953,2.6112549115638397,1
2022-02-21 19:00:00,303.19631666666663,295.2455,7.9508027506510075,2.6223282696302737,1
2022-02-21 20:00:00,303.2073,295.51044,7.696862988281225,2.538482075760183,1
2022-02-21 21:00:00,303.21785,295.42227,7.7955782714843735,2.570949647514115,1
2022-02-21 22:00:00,303.32715,295.579,7.748139990234392,2.55438392662528,1
2022-02-21 23:00:00,303.35729999999995,295.89066,7.466644482421827,2.4613366672924837,1
2022-02-22 00:00:00,303.3639166666666,293.42343,9.94048527018225,3.2767526694142846,1
2022-02-22 01:00:00,303.39605,295.86362,7.5324330566406275,2.482706360815694,1
2022-02-22 02:00:00,303.40573333333333,296.07513,7.33059905598958,2.4161043205386155,1
2022-02-22 03:00:00,303.41106666666667,295.93475,7.47631324869792,2.464087189103973,1
2022-02-22 04:00:00,303.42401666666666,295.69336,7.73065729166666,2.5478066473166763,1
2022-02-22 05:00:00,303.4398333333333,295.69638,7.743452718098922,2.551890635951449,1
2022-02-22 06:00:00,303.4573833333333,295.72803,7.7293559895833255,2.5470976778383485,1
2022-02-22 07:00:00,303.4718166666667,295.48877,7.983047135416712,2.6305728145686618,1
2022-02-22 08:00:00,303.4886833333333,295.4646,8.024083723958313,2.6439482386582664,1
2022-02-22 09:00:00,303.522,295.48282,8.039181396484366,2.648632181521618,1
2022-02-22 10:00:00,303.55921666666666,295.28516,8.274060416666657,2.7256824814169427,1
2022-02-22 11:00:00,303.60921666666667,295.31943,8.289789176432294,2.730414194977991,1
2022-02-22 12:00:00,303.6489666666667,295.34384,8.30512511393232,2.7351073108370794,1
2022-02-22 13:00:00,303.7001333333334,295.2271,8.473021516927133,2.789930118248603,1
2022-02-22 14:00:00,303.77258333333333,295.2916,8.480987874348955,2.791887191848315,1
2022-02-22 15:00:00,303.88366666666667,295.30768,8.57598844401042,2.8221287803520645,1
2022-02-22 16:00:00,303.94423333333333,295.27005,8.674183284505204,2.853873278277848,1
2022-02-22 17:00:00,303.96778333333333,295.122,8.84577405598958,2.9101024884562237,1
2022-02-22 18:00:00,303.98255,295.1753,8.807257031250003,2.8972903221836583,1
2022-02-22 19:00:00,304.06446666666665,295.1695,8.894972037760397,2.9253572790068945,1
2022-02-22 20:00:00,304.09313333333336,295.42392,8.66921365559898,2.8508416260711016,1
2022-02-22 21:00:00,304.11485,295.41574,8.699109033203115,2.860468341022621,1
2022-02-22 22:00:00,304.13236666666666,295.53726,8.59510470377603,2.826106530429009,1
2022-02-22 23:00:00,304.1428666666667,295.54028,8.602583463541691,2.8284679267803567,1
2022-02-23 00:00:00,304.14925000000005,293.31287,10.836383789062552,3.562850723266305,1
2022-02-23 01:00:00,304.1607333333333,295.72885,8.43188201497395,2.7721796613409513,1
2022-02-23 02:00:00,483.35057142857147,295.52756,187.8230140555246,38.85854797105483,-1
2022-02-23 03:00:00,304.2116,287.47296,16.738638574218726,5.502301200610271,1
2022-02-23 04:00:00,304.22065000000003,294.91525,9.30539731445316,3.058765827982256,1
2022-02-23 05:00:00,304.23088333333334,294.8652,9.365679475911463,3.0784775505072886,1
2022-02-23 06:00:00,304.23823333333337,294.54074,9.697492366536494,3.187466686357246,1
2022-02-23 07:00:00,304.2685,294.2632,10.005285888671892,3.288308140931056,1
2022-02-23 08:00:00,304.30745,261.27206,43.03538579101564,14.142074290193978,1
2022-02-23 09:00:00,304.3929166666667,261.27,43.122927652994804,14.166863008362657,1
2022-02-23 10:00:00,304.4653,294.24326,10.222044384765638,3.357375816289042,1
2022-02-23 11:00:00,304.5260166666667,294.37314,10.152878238932317,3.3339936983793708,1
2022-02-23 12:00:00,304.5619666666667,294.47137,10.090592154947956,3.313149121098333,1
2022-02-23 13:00:00,304.63795000000005,294.4726,10.165354785156296,3.336864219243746,1
2022-02-23 14:00:00,304.71888333333334,294.50568,10.213207063802088,3.3516816938164604,1
2022-02-23 15:00:00,304.83706666666666,294.29547,10.541595475260408,3.458108148050891,1
2022-02-23 16:00:00,304.95605,294.3952,10.560847363281255,3.463071917625683,1
2022-02-23 17:00:00,305.09495,294.41544,10.679514208984358,3.500390345359848,1
2022-02-23 18:00:00,305.21830000000006,293.68088,11.537422314453181,3.7800558736657073,1
2022-02-23 19:00:00,305.36063333333334,293.5249,11.83573098958334,3.875984543791388,1
2022-02-23 20:00:00,305.4529166666667,293.5897,11.863225504557306,3.8838147611028404,1
2022-02-23 21:00:00,305.53695,293.6295,11.907463916015615,3.897225483544089,1
2022-02-23 22:00:00,305.61384999999996,261.00122,44.61262929687496,14.597711835015934,1
2022-02-23 23:00:00,305.7092,260.84387,44.86532792968751,14.675818648221684,1
2022-02-24 00:00:00,305.78453333333334,258.28796,47.49656946614584,15.532691857584336,1
2022-02-24 01:00:00,305.8444833333333,261.0116,44.8328866536458,14.658720019545427,1
2022-02-24 02:00:00,305.9044666666667,261.41684,44.4876270670573,14.542980495313952,1
2022-02-24 03:00:00,305.95813333333336,261.54193,44.416202180989615,14.517084920056195,1
2022-02-24 04:00:00,306.0298,261.35287,44.67692524414065,14.598880598605705,1
2022-02-24 05:00:00,306.0894666666666,261.54495,44.5445142740885,14.55277589707783,1
2022-02-24 06:00:00,306.1625833333334,261.34393,44.81865022786462,14.638839793391764,1
2022-02-24 07:00:00,306.25673333333333,261.27548,44.981251155598954,14.68743250773413,1
2022-02-24 08:00:00,306.3611666666667,261.2289,45.132254313151066,14.731715072406558,1
2022-02-24 09:00:00,306.4567333333333,261.0189,45.43784295247394,14.82683780838412,1
2022-02-24 10:00:00,306.52521666666667,261.00137,45.52384337565104,14.85158177920497,1
2022-02-24 11:00:00,306.56530000000004,261.18695,45.378349316406286,14.802180536539677,1
2022-02-24 12:00:00,306.6014333333333,261.20682,45.39461570638019,14.805741468589389,1
2022-02-24 13:00:00,306.6768,261.2196,45.457195507812514,14.822508699578,1
2022-02-24 14:00:00,306.7119,262.1813,44.53059506835939,14.518704661662083,1
2022-02-24 15:00:00,302.8724576271186,262.24887,40.62358677750922,13.412770167895308,1
2022-02-24 16:00:00,306.88213333333334,262.24472,44.63741287434897,14.545458298287283,1
2022-02-24 17:00:00,306.99298333333337,262.14764,44.84533929036462,14.60793620015482,1
2022-02-24 18:00:00,307.09945,262.09796,45.00148857421874,14.653718340323163,1
2022-02-24 19:00:00,307.1837,262.10706,45.07664433593749,14.674165390024221,1
2022-02-24 20:00:00,307.28113333333334,262.33047,44.95065847981772,14.628512283170632,1
2022-02-24 21:00:00,307.34871666666663,262.3731,44.97560875651038,14.633413504359707,1
2022-02-24 22:00:00,307.42525,262.36203,45.06321997070313,14.6582689041061,1
2022-02-24 23:00:00,307.48359999999997,262.34344,45.14015517578122,14.680508173111068,1
2022-02-25 00:00:00,307.5337666666667,260.4542,47.079573551432304,15.308749315119588,1
2022-02-25 01:00:00,307.5971,262.9025,44.69460366210939,14.530242163143594,1
2022-02-25 02:00:00,307.6473833333333,262.9057,44.74168264973957,14.543170177342493,1
2022-02-25 03:00:00,307.69141666666667,262.75018,44.94123356119792,14.605943156297066,1
2022-02-25 04:00:00,307.73943333333335,262.75018,44.9892502278646,14.619267213942337,1
2022-02-25 05:00:00,307.7858833333333,262.7532,45.03267898763016,14.631170979517567,1
2022-02-25 06:00:00,307.8342,262.5211,45.313112353515635,14.719973351341697,1
2022-02-25 07:00:00,307.92496666666665,262.39026,45.53470787760415,14.787598492791318,1
2022-02-25 08:00:00,304.1611186440678,262.4331,41.72801317531781,13.719049043529404,1
2022-02-25 09:00:00,308.12,262.4331,45.686894531250005,14.827630268393385,1
2022-02-25 10:00:00,308.26800000000003,262.4452,45.82280957031253,14.864601392835622,1
2022-02-25 11:00:00,308.3831166666667,262.23297,46.150145475260445,14.965198427348552,1
2022-02-25 12:00:00,308.49531666666667,262.2063,46.28901783854167,15.004771608416299,1
2022-02-25 13:00:00,308.62826666666666,294.2175,14.410767887369786,4.6692961718380595,1
2022-02-25 14:00:00,308.7241833333334,294.28888,14.435303938802122,4.675793044841652,1
2022-02-25 15:00:00,308.8178833333333,294.21237,14.605511507161452,4.729490177905786,1
2022-02-25 16:00:00,308.9468666666666,294.18417,14.762693082682233,4.778392218111177,1
2022-02-25 17:00:00,309.05758333333335,294.0784,14.97918367513023,4.846729035121968,1
2022-02-25 18:00:00,309.14565000000005,294.1237,15.021962255859421,4.8591860203329915,1
2022-02-25 19:00:00,309.21528333333333,294.1518,15.063488899739582,4.871521448953079,1
2022-02-25 20:00:00,309.27660000000003,294.49542,14.78117763671878,4.779274471112925,1
2022-02-25 21:00:00,309.33771666666667,294.49542,14.842294303385415,4.798087480356676,1
2022-02-25 22:00:00,309.47471666666667,294.766,14.708725455729166,4.7528035784725535,1
2022-02-25 23:00:00,309.55008333333336,294.94955,14.600528889973987,4.716693559111318,1
2022-02-26 00:00:00,309.5982666666667,292.40356,17.19470221354169,5.553875460328675,1
2022-02-26 01:00:00,309.6623666666667,263.17905,46.48332003580731,15.010968360819312,1
2022-02-26 02:00:00,309.71235,263.18225,46.530099023437515,15.023649807055165,1
2022-02-26 03:00:00,309.75466666666665,263.00186,46.752805094401026,15.09349494120059,1
2022-02-26 04:00:00,309.80383333333333,263.3841,46.41973909505208,14.983590889035536,1
2022-02-26 05:00:00,309.84833333333336,263.4045,46.44382283528648,14.98921171715012,1
2022-02-26 06:00:00,309.89116666666666,263.13364,46.75753019205729,15.088371360861712,1
2022-02-26 07:00:00,309.94895,263.15036,46.79858989257815,15.098805703839322,1
2022-02-26 08:00:00,310.0188166666667,262.7883,47.230517106119805,15.234725898768579,1
2022-02-26 09:00:00,310.0965,262.4991,47.59738500976562,15.349217052199378,1
2022-02-26 10:00:00,310.17955,262.34808,47.831466503906256,15.42057377725273,1
2022-02-26 11:00:00,310.27718333333337,293.7211,16.556083479817744,5.33590103165027,1
2022-02-26 12:00:00,310.384,293.89816,16.48583715820314,5.3114326463634765,1
2022-02-26 13:00:00,310.4816166666667,293.7741,16.707507779947946,5.381158442006425,1
2022-02-26 14:00:00,310.5832,293.9289,16.654305957031227,5.362268758712172,1
2022-02-26 15:00:00,310.68306666666666,294.0144,16.66866236979166,5.3651660178904725,1
2022-02-26 16:00:00,310.7839,294.03494,16.748957373046892,5.389261579880514,1
2022-02-26 17:00:00,310.8913,293.99716,16.894138134765626,5.434098053057338,1
2022-02-26 18:00:00,310.99081666666666,294.11502,16.875795914713535,5.426461154490337,1
2022-02-26 19:00:00,311.13666666666666,294.24628,16.890389811197906,5.428607929070342,1
2022-02-26 20:00:00,311.23294999999996,262.29742,48.93552568359371,15.723118495764195,1
2022-02-26 21:00:00,311.29615,262.318,48.97815683593751,15.733621080312526,1
2022-02-26 22:00:00,311.36351666666667,262.83075,48.53276715494792,15.587172035647786,1
2022-02-26 23:00:00,311.4165166666667,262.8226,48.59391534830735,15.604154754668857,1
2022-02-27 00:00:00,311.46791666666667,260.67438,50.79353922526042,16.30779169995278,1
2022-02-27 01:00:00,311.5336,263.0396,48.49398818359373,15.566214375570272,1
2022-02-27 02:00:00,311.58248333333336,263.01794,48.56453899739586,15.586414974932012,1
2022-02-27 03:00:00,311.6236666666666,262.86243,48.76123990885412,15.647476417295872,1
2022-02-27 04:00:00,311.6727833333333,262.99786,48.674919563802064,15.617314700068373,1
2022-02-27 05:00:00,311.71798333333334,262.90155,48.816433040364586,15.660448063260635,1
2022-02-27 06:00:00,311.75983333333335,263.00598,48.75385188802085,15.638272323397912,1
2022-02-27 07:00:00,311.8183333333333,263.24463,48.57370442708333,15.577565229104879,1
2022-02-27 08:00:00,311.88845000000003,263.00903,48.879416796875034,15.672082964327213,1
2022-02-27 09:00:00,311.9682666666667,262.60928,49.35898321940107,15.821796104000033,1
2022-02-27 10:00:00,312.04904999999997,262.28693,49.762123730468716,15.946891545095172,1
2022-02-27 11:00:00,312.1298,262.2301,49.89969746093749,15.98684178859855,1
2022-02-27 12:00:00,312.2133333333333,293.91345,18.29988118489581,5.861338761834565,1
2022-02-27 13:00:00,312.3209666666667,293.98898,18.331983512369845,5.86959743667776,1
2022-02-27 14:00:00,312.41115,293.99216,18.418993017578146,5.895754027543704,1
2022-02-27 15:00:00,312.5045,294.03604,18.468458740234382,5.909821676531431,1
2022-02-27 16:00:00,312.66828333333336,294.0276,18.640695442708363,5.9618120470561236,1
2022-02-27 17:00:00,312.78398333333337,294.06995,18.714037044270867,5.983054753956759,1
2022-02-27 18:00:00,312.87073333333336,294.15643,18.714300227864612,5.981479944981477,1
2022-02-27 19:00:00,312.94756666666666,294.19095,18.756618180338535,5.993533779536188,1
2022-02-27 20:00:00,313.0122666666667,294.1687,18.843565494791676,6.020072515131766,1
2022-02-27 21:00:00,313.07355,262.2866,50.78695942382814,16.22205365531761,1
2022-02-27 22:00:00,313.1746,262.81992,50.35468422851562,16.078789297640274,1
2022-02-27 23:00:00,313.24281666666667,262.81992,50.422900895182295,16.09706529611133,1
2022-02-28 00:00:00,313.29883333333333,260.63293,52.665898763020834,16.810116410132288,1
2022-02-28 01:00:00,313.37083333333334,263.06876,50.30207722981771,16.051933274783085,1
2022-02-28 02:00:00,313.42199999999997,263.07196,50.35003955078122,16.064615563085894,1
2022-02-28 03:00:00,313.46778333333333,262.9083,50.559488655598955,16.129086044081433,1
2022-02-28 04:00:00,313.51565,262.91644,50.599207128906244,16.139292238685158,1
2022-02-28 05:00:00,313.5636666666667,262.63028,50.93338712565105,16.243395641039545,1
2022-02-28 06:00:00,313.61411666666663,262.51712,51.09699630533851,16.292951569115377,1
2022-02-28 07:00:00,313.6992333333334,262.3915,51.30772332356776,16.355705627591277,1
2022-02-28 08:00:00,313.83393333333333,262.42566,51.408274153645834,16.380725131860157,1
2022-02-28 09:00:00,313.97274999999996,262.33746,51.63528662109371,16.445785966022804,1
2022-02-28 10:00:00,314.12521666666663,262.13986,51.985354606119756,16.549245868341558,1
2022-02-28 11:00:00,314.2668333333333,262.0687,52.19813826497392,16.609496314080964,1
2022-02-28 12:00:00,314.39615,262.10635,52.28979624023435,16.63181819303963,1
2022-02-28 13:00:00,314.55056666666667,262.06033,52.49023341471354,16.687375198234623,1
2022-02-28 14:00:00,314.70553333333334,262.2703,52.43523914388021,16.661683200124873,1
2022-02-28 15:00:00,314.84954999999997,262.17776,52.67178510742184,16.72919174892577,1
2022-02-28 16:00:00,314.9991,294.82108,20.178024560546874,6.405740364492937,-1
2022-02-28 17:00:00,315.17431666666664,295.24902,19.92529322916664,6.321991390884821,-1
2022-02-28 18:00:00,315.28955,262.1375,53.15203779296877,16.85816660412218,1
2022-02-28 19:00:00,315.4665833333333,262.246,53.220581136067665,16.87043375720355,1
2022-02-28 20:00:00,315.5665833333333,262.12842,53.43816536458331,16.93403801846666,1
2022-02-28 21:00:00,315.63728333333336,262.47226,53.16502381184898,16.843708411742412,1
2022-02-28 22:00:00,315.7279833333333,262.5915,53.13649163411458,16.829832726520415,1
2022-02-28 23:00:00,315.80008333333336,262.7722,53.02789705403649,16.79160319604743,1
2022-03-01 00:00:00,241.26600000000002,249.20293,7.936926635742168,3.2896995858700233,1
2022-03-01 01:00:00,241.28081666666668,246.78322,5.502401717122382,2.280496962143107,1
2022-03-01 02:00:00,241.28768333333335,246.32549,5.0378018961588396,2.087881903329651,1
2022-03-01 03:00:00,241.28773333333336,245.40846,4.120729191080699,1.7078071549994362,1
2022-03-01 04:00:00,241.29373333333334,245.39752,4.103788639322914,1.7007439711027754,1
2022-03-01 05:00:00,241.29623333333333,245.37646,4.080231510416667,1.6909636081515145,1
2022-03-01 06:00:00,241.2964,245.2723,3.975893090820307,1.6477216710829876,1
2022-03-01 07:00:00,241.2994,245.24866,3.9492572265625085,1.636662673092383,1
2022-03-01 08:00:00,241.30056666666667,246.17667,4.876099593098957,2.020757613730447,1
2022-03-01 09:00:00,241.30106666666669,245.99542,4.694355696614565,1.9454351122471403,1
2022-03-01 10:00:00,241.30773333333335,244.70126,3.3935300944010294,1.4063080504967718,1
2022-03-01 11:00:00,241.37021666666666,245.94977,4.579551399739586,1.8973141939425047,1
2022-03-01 12:00:00,241.51954999999998,246.08713,4.567577685546894,1.8911834121233915,1
2022-03-01 13:00:00,241.52456666666666,246.08713,4.562561018880217,1.8890670472815452,1
2022-03-01 14:00:00,241.52556666666666,241.98477,0.45920506184896226,0.19012689475704642,1
2022-03-01 15:00:00,241.52573333333333,241.99792,0.47219147135416506,0.19550358584252825,1
2022-03-01 16:00:00,241.55123333333333,242.21507,0.6638392985026087,0.27482339319638116,1
2022-03-01 17:00:00,241.56006666666664,241.74866,0.18859055989585727,0.07807191052624517,1
2022-03-01 18:00:00,241.56173333333334,241.86348,0.3017462809244762,0.12491476837473506,1
2022-03-01 19:00:00,241.57506666666666,241.29318,0.2818842936197825,0.11668600420666583,1
2022-03-01 20:00:00,241.57673333333332,241.29459,0.28214715169269766,0.11679400852541715,1
2022-03-01 21:00:00,241.57706666666667,239.75035,1.8267157145182296,0.756162715344642,1
2022-03-01 22:00:00,241.5849,239.53542,2.049484350585942,0.8483495210596551,1
2022-03-01 23:00:00,241.59268333333333,241.57297,0.019715804036451345,0.008160762024254347,1
2022-03-02 00:00:00,276.36583333333334,251.4621,24.90373616536459,9.011148655708082,-1
2022-03-02 01:00:00,276.39705,265.7683,10.628739453124979,3.8454605122125485,1
2022-03-02 02:00:00,276.42601666666667,266.05032,10.375693180338544,3.753515413607073,1
2022-03-02 03:00:00,276.45121666666665,265.92242,10.528792350260403,3.808553436344629,1
2022-03-02 04:00:00,276.4575666666667,266.06787,10.389695572916708,3.7581519871591578,1
2022-03-02 05:00:00,276.4632333333333,266.4459,10.017340999348903,3.623389932301428,1
2022-03-02 06:00:00,276.4685166666667,266.4003,10.068217594401062,3.6417229995569107,1
2022-03-02 07:00:00,276.4837666666666,266.43332,10.050447574869736,3.6350949857521915,1
2022-03-02 08:00:00,276.497,266.56235,9.934652587890639,3.593041715447264,1
2022-03-02 09:00:00,276.5035,266.61035,9.893148437499974,3.577946898220278,1
2022-03-02 13:00:00,271.1451590909091,268.67288,2.4722770108309646,0.9117909425350111,1
2022-03-02 14:00:00,271.207,263.16342,8.043578369140619,2.965844664585417,1
2022-03-02 15:00:00,277.1149,263.18402,13.930879003906227,5.027112924507163,1
2022-03-02 16:00:00,277.1787333333333,269.29556,7.883170589192673,2.8440748198642196,1
2022-03-02 17:00:00,277.23201666666665,269.4767,7.755301578776027,2.7974047312604093,1
2022-03-02 18:00:00,277.2757166666667,269.29333,7.98238170572921,2.8788607141305507,1
2022-03-02 19:00:00,277.31151666666665,269.18405,8.127465152994773,2.9308069211766856,1
2022-03-02 20:00:00,277.34155,268.15433,9.187222607421859,3.312602303656209,1
2022-03-02 21:00:00,277.3686833333333,268.01642,9.352264876302058,3.371781100227879,1
2022-03-02 22:00:00,277.40400000000005,270.55603,6.847969726562553,2.468590828494414,1
2022-03-02 23:00:00,277.43266666666665,271.34534,6.087329752604148,2.194164733303156,1
2022-03-03 00:00:00,321.7627,285.32248,36.44022075195312,11.32518487652586,1
2022-03-03 01:00:00,321.8242666666667,272.32333,49.50093292643231,15.381354950430119,1
2022-03-03 02:00:00,321.8784,272.2848,49.5936099609375,15.407560683432592,1
2022-03-03 03:00:00,321.9272333333334,269.7481,52.17912542317714,16.208360106976617,1
2022-03-03 04:00:00,322.00128333333333,269.7481,52.25317542317708,16.22762950506899,1
2022-03-03 05:00:00,322.0559666666667,269.56348,52.49249010416668,16.299182556522997,1
2022-03-03 06:00:00,322.1054666666667,268.89188,53.213590445963575,16.52054863627216,1
2022-03-03 07:00:00,322.1897666666667,269.1505,53.039253971354185,16.46211621041544,1
2022-03-03 08:00:00,322.2996166666666,268.16632,54.13329586588537,16.795954105621032,1
2022-03-03 09:00:00,322.38506666666666,267.73206,54.65301100260416,16.952711674323947,1
2022-03-03 10:00:00,322.49604999999997,301.27,21.226060986328093,6.58180493079219,-1
2022-03-03 11:00:00,322.62308333333334,313.7235,8.89957259114584,2.758504590437436,1
2022-03-03 12:00:00,322.80845000000005,313.79956,9.00888945312505,2.7907848834865385,1
2022-03-03 13:00:00,323.07556666666665,313.73972,9.33585109049477,2.8896803178032453,1
2022-03-03 14:00:00,323.29449999999997,313.74802,9.546483642578096,2.9528753545294903,1
2022-03-03 15:00:00,323.5090333333334,314.60724,8.901794563802127,2.7516370855442642,1
2022-03-03 16:00:00,323.71698333333336,314.60724,9.10974456380211,2.814107694275859,1
2022-03-03 17:00:00,323.9143666666667,314.60724,9.307127897135445,2.87332975198964,1
2022-03-03 18:00:00,324.0380833333333,314.92532,9.11275984700518,2.8122496359505122,1
2022-03-03 19:00:00,324.22445,315.1001,9.12435234374999,2.814208587787844,1
2022-03-03 20:00:00,324.33906666666667,314.64813,9.690934342447918,2.9879022629514345,1
2022-03-03 21:00:00,324.40911666666665,301.56607,22.843046110026023,7.041431595488466,-1
2022-03-03 22:00:00,324.48769999999996,269.0099,55.47781230468746,17.09704624665804,1
2022-03-03 23:00:00,324.5648,269.28085,55.283946728515616,17.033253932090936,1
2022-03-15 00:00:00,337.9697,249.259,88.71069731445311,26.248121370635268,1
2022-03-15 01:00:00,338.10228333333333,254.78351,83.31877503255208,24.64306776182811,-1
2022-03-15 02:00:00,338.1473,254.92282,83.2244789550781,24.611900999641012,-1
2022-03-15 03:00:00,338.18325,255.48628,82.69696765136717,24.453300808610177,-1
2022-03-15 04:00:00,338.21816666666666,255.55661,82.66155655924479,24.440306423962557,-1
2022-03-15 05:00:00,338.23386666666664,255.53555,82.69831368815102,24.45003933481054,-1
2022-03-15 06:00:00,338.2563666666667,254.78363,83.47273629557293,24.67735844010209,-1
2022-03-15 07:00:00,338.36359999999996,254.38431,83.97929213867184,24.819245300168042,-1
2022-03-15 08:00:00,338.45889999999997,253.81314,84.64575913085935,25.00916917261377,-1
2022-03-15 09:00:00,338.55016666666666,253.78937,84.7607989908854,25.036407329249972,1
2022-03-15 10:00:00,338.6537833333333,253.73749,84.91629554036456,25.074663112809738,1
2022-03-15 11:00:00,338.9919,253.81012,85.18178037109374,25.127969169709967,1
2022-03-15 12:00:00,335.74857627118644,298.333,37.41556845868644,11.143924648254169,-1
2022-03-15 13:00:00,339.30873333333335,299.14017,40.168566097005225,11.838353108100085,1
2022-03-15 14:00:00,339.39166666666665,299.12778,40.26388956705728,11.863546870161361,1
2022-03-15 15:00:00,339.4766,286.25348,53.22312099609377,15.677993958733483,1
2022-03-15 16:00:00,339.57605,253.6177,85.95834370117188,25.31342933285124,1
2022-03-15 17:00:00,339.6274833333334,253.63118,85.99630352376306,25.320772755646736,1
2022-03-15 18:00:00,339.64396666666664,253.65002,85.99394225260414,25.318848688341877,1
2022-03-15 19:00:00,340.528,254.44037,86.08763134765627,25.28063216383086,1
2022-03-15 20:00:00,340.6111166666667,254.3798,86.23131014811202,25.316645780335573,1
2022-03-15 21:00:00,340.63571666666667,254.3798,86.25591014811198,25.322039256176527,1
2022-03-15 22:00:00,340.7240333333333,254.4593,86.26472852376298,25.318063837953225,1
2022-03-15 23:00:00,340.76278333333335,254.8761,85.88668470052085,25.204244315748603,1
2022-03-16 00:00:00,340.76871666666665,249.02242,91.74630150553384,26.923334434494155,1
2022-03-16 01:00:00,340.78485,255.04543,85.73942458496094,25.159400229607314,1
2022-03-16 02:00:00,340.79205,255.02219,85.76986372070314,25.16780056020237,1
2022-03-16 03:00:00,340.7927333333334,255.11305,85.67968096516933,25.14128745519704,1
2022-03-16 04:00:00,340.90128333333337,255.11002,85.79126746419274,25.166014740004915,1
2022-03-16 05:00:00,340.9064166666667,255.2536,85.65281559244795,25.1250229252645,1
2022-03-16 06:00:00,340.91085000000004,254.50945,86.40140480957035,25.344281226639616,1
2022-03-16 07:00:00,340.95748333333336,254.14119,86.81629375813804,25.46249833110073,1
2022-03-16 08:00:00,341.0162333333334,254.07686,86.93937481282558,25.49420410520541,1
2022-03-16 09:00:00,341.13078333333334,254.05591,87.07487513020834,25.525364209031277,1
2022-03-16 10:00:00,341.2409,253.87442,87.36647983398439,25.602581512930765,1
2022-03-16 11:00:00,341.3760833333333,253.96036,87.4157256673177,25.606868693813205,1
2022-03-16 12:00:00,341.60463333333337,254.0519,87.5527381917318,25.629844970516114,1
2022-03-16 13:00:00,341.8669,254.06398,87.80291989746092,25.68336380053971,1
2022-03-16 14:00:00,341.95250000000004,254.04704,87.90545715332036,25.706920375271753,1
2022-03-16 15:00:00,342.01121666666666,253.94148,88.06973412272134,25.750539623690493,1
2022-03-16 16:00:00,342.0772,253.9414,88.13579375,25.764883918703486,1
2022-03-16 17:00:00,342.41246666666666,253.96272,88.44974388834635,25.831344428279063,1
2022-03-16 18:00:00,342.5352666666667,253.96469,88.57057550455733,25.85735947947658,1
2022-03-16 19:00:00,342.54221666666666,254.20367,88.33854235026041,25.789096290672138,1
2022-03-16 20:00:00,342.6103166666666,254.40489,88.20542469889318,25.745116288269593,1
2022-03-16 21:00:00,342.64046666666667,254.70996,87.93050572916667,25.662615489629996,1
2022-03-16 22:00:00,342.64568333333335,254.70996,87.93572239583335,25.663747251603358,1
2022-03-16 23:00:00,342.65153333333336,255.0075,87.64402600911461,25.578179937129363,1
2022-03-17 00:00:00,342.65565,248.97093,93.68471799316404,27.34077716791078,-1
2022-03-17 01:00:00,342.89825,255.27156,87.6266893310547,25.55472040919063,1
2022-03-17 02:00:00,342.9016166666667,255.25603,87.64558944498702,25.559981326826797,1
2022-03-17 03:00:00,342.9024,255.0166,87.8857984375,25.629974646196775,1
2022-03-17 04:00:00,342.94255,255.13995,87.80259638671873,25.602712795683015,1
2022-03-17 05:00:00,342.9638166666667,255.04527,87.91854383951824,25.634932698634707,1
2022-03-17 06:00:00,342.98679999999996,254.5174,88.46940498046871,25.793822013713207,1
2022-03-17 07:00:00,343.12055,254.29704,88.82350715332029,25.886967975089405,1
2022-03-17 08:00:00,343.1598666666667,254.22314,88.93672213541669,25.91699394808214,1
2022-03-17 09:00:00,343.23114999999996,254.1231,89.10805734863277,25.961529741405315,1
2022-03-17 10:00:00,343.3503666666667,254.0851,89.26526840006511,25.99830284344595,1
2022-03-17 11:00:00,343.7176166666667,253.94064,89.77697335611981,26.119398233227738,1
2022-03-17 12:00:00,343.9517833333333,253.97427,89.97750965169269,26.15991942768727,1
2022-03-17 13:00:00,344.06375,254.03452,90.02923461914065,26.16643989884905,1
2022-03-17 14:00:00,344.17133333333334,254.05833,90.1129989827474,26.182598605226104,1
2022-03-17 15:00:00,344.2578833333334,254.05833,90.19954898274744,26.201157064978137,1
2022-03-17 16:00:00,344.8684,254.02068,90.84772434082032,26.342722057861227,1
2022-03-17 17:00:00,344.9224833333334,254.1664,90.75608623860683,26.312023820082448,1
2022-03-17 18:00:00,344.9499833333333,254.13705,90.81292888997393,26.32640470052008,1
2022-03-17 19:00:00,344.96165,254.6615,90.30015097656252,26.176866534234705,1
2022-03-17 20:00:00,344.96655000000004,254.60335,90.36320222167973,26.194772206097085,1
2022-03-17 21:00:00,344.9722333333333,254.72078,90.25145391438798,26.16194723288411,1
2022-03-17 22:00:00,345.1587333333334,254.78606,90.37267681477869,26.18293203251297,1
2022-03-17 23:00:00,345.18645000000004,255.07523,90.11122416992191,26.105087238757786,1
2022-03-18 00:00:00,345.18896666666666,249.14021,96.04875365397135,27.82497780946501,-1
2022-03-18 01:00:00,345.2010166666667,255.42917,89.77184796549483,26.005673034307332,1
2022-03-18 02:00:00,345.2058666666666,255.24477,89.96110043131506,26.06013073861832,1
2022-03-18 03:00:00,345.20675,255.28427,89.92247875976562,26.048876071883548,1
2022-03-18 04:00:00,345.2117833333333,255.31076,89.90102283528643,26.042280975112607,1
2022-03-18 05:00:00,345.23490000000004,255.28427,89.95062875976566,26.05490594931642,1
2022-03-18 06:00:00,345.25194999999997,254.81844,90.43351433105465,26.193483938068944,1
2022-03-18 07:00:00,345.29445000000004,254.21227,91.0821849853516,26.378120100560665,1
2022-03-18 08:00:00,345.3453333333334,254.01424,91.33109688313806,26.44630976684448,1
2022-03-18 09:00:00,345.41606666666667,254.02228,91.39378883463542,26.45904385745953,1
2022-03-18 10:00:00,345.50025,254.05432,91.4459287109375,26.46768806860794,1
2022-03-18 11:00:00,345.59846666666664,253.83707,91.76140001627601,26.5514487479675,1
2022-03-18 12:00:00,345.7763833333333,253.86873,91.90765469563797,26.580084372401124,1
2022-03-18 13:00:00,345.84928333333335,253.93456,91.91472827962241,26.576526956474485,1
2022-03-18 14:00:00,345.92875000000004,285.3518,60.576943359375036,17.51139307856346,-1
2022-03-18 15:00:00,345.98986666666667,299.0457,46.944181852213546,13.568079946618692,1
2022-03-18 16:00:00,346.0296833333333,299.1422,46.88747141927081,13.55012981317051,1
2022-03-18 17:00:00,346.0652,299.1882,46.87699809570313,13.545712761712533,1
2022-03-18 18:00:00,346.0855166666667,299.67648,46.40903351236983,13.409701112390618,1
2022-03-18 19:00:00,346.09766666666667,299.8056,46.29206363932292,13.37543357382798,1
2022-03-18 20:00:00,346.1066666666667,299.2168,46.88986979166668,13.547808861291873,1
2022-03-18 21:00:00,346.11066666666665,299.97968,46.130991373697896,13.328393396451412,1
2022-03-18 22:00:00,346.21538333333336,300.41895,45.796438020833364,13.227730509150607,1
2022-03-18 23:00:00,346.24595000000005,300.30167,45.944283740234425,13.269262386330235,1
2022-03-19 00:00:00,346.2523,294.56998,51.682323193359366,14.92620353542701,1
2022-03-19 01:00:00,346.2680333333334,300.13986,46.12817127278652,13.321521682357037,1
2022-03-19 02:00:00,346.27805,300.10925,46.16879707031251,13.332868467113009,1
2022-03-19 03:00:00,346.28206666666665,300.5907,45.69136842447915,13.194841053236969,1
2022-03-19 04:00:00,346.2905166666667,300.55847,45.73204498697919,13.20626544876983,1
2022-03-19 05:00:00,346.2995,300.5733,45.72619677734377,13.204234093696765,1
2022-03-19 06:00:00,346.31800000000004,300.7445,45.57349316406254,13.15943526829913,1
2022-03-19 07:00:00,346.34455,300.7574,45.58716474609378,13.162373888796585,1
2022-03-19 08:00:00,346.35023333333334,300.68536,45.664869563802085,13.18459323456194,1
2022-03-19 09:00:00,346.35985,287.01492,59.34492690429687,17.133893184489466,1
2022-03-19 10:00:00,346.3888833333333,286.4246,59.96429226888017,17.311263432799986,-1
2022-03-19 11:00:00,346.43806666666666,299.65836,46.77971095377603,13.503051575378894,1
2022-03-19 12:00:00,346.54816666666665,299.5368,47.011362467447896,13.56560699309961,1
2022-03-19 13:00:00,346.5656,299.5975,46.96809633789064,13.552440346752892,1
2022-03-19 14:00:00,346.5893666666667,299.69714,46.892223111979206,13.529619626727248,1
2022-03-19 15:00:00,346.60409999999996,299.69714,46.90695644531246,13.53329528126745,1
2022-03-19 16:00:00,346.6349666666667,299.74005,46.894915397135435,13.528616490368284,1
2022-03-19 17:00:00,346.65425,299.9388,46.715437744140615,13.476089679956244,1
2022-03-19 18:00:00,346.6682333333334,300.2699,46.398335872395876,13.384074823475833,1
2022-03-19 19:00:00,346.7443666666667,300.24945,46.49491598307293,13.408989537724677,1
2022-03-19 20:00:00,346.77925,254.75398,92.02526745605468,26.537131962389143,1
2022-03-19 21:00:00,346.7912666666667,255.01213,91.77913592936198,26.465238455075358,1
2022-03-19 22:00:00,346.79633333333334,255.37144,91.4248886311849,26.362703287200613,1
2022-03-19 23:00:00,346.79918333333336,255.4144,91.38478513997399,26.35092274384866,1
2022-03-20 00:00:00,346.80036666666666,249.45546,97.3449070719401,28.06943594866799,-1
2022-03-20 01:00:00,346.80098333333336,254.92174,91.87924566243493,26.49336357538239,1
2022-03-20 02:00:00,346.80263333333335,255.24667,91.55595974934897,26.40001853658035,1
2022-03-20 03:00:00,346.8061833333333,255.06914,91.73704576009112,26.451963633935062,1
2022-03-20 04:00:00,346.80915,255.21667,91.59247519531249,26.410051445070575,1
2022-03-20 05:00:00,346.81034999999997,255.06914,91.74121242675778,26.45284725851732,1
2022-03-20 06:00:00,346.8115833333333,255.38089,91.43069344075519,26.363217830947022,1
2022-03-20 07:00:00,346.85876666666667,255.40155,91.45721637369792,26.367278240920477,1
2022-03-20 08:00:00,346.87315,255.40155,91.47159970703126,26.37033147227681,1
2022-03-20 09:00:00,346.87583333333333,255.25684,91.61899739583333,26.412620404046734,1
2022-03-20 10:00:00,346.8771666666667,254.33723,92.5399321695964,26.678011929145796,1
2022-03-20 11:00:00,346.90843333333333,285.43408,61.474351302083335,17.720627467654644,-1
2022-03-20 12:00:00,346.98786666666666,285.65747,61.33039596354166,17.675083678273907,-1
2022-03-20 13:00:00,347.01753333333335,299.1783,47.83921912434897,13.785821865242184,1
2022-03-20 14:00:00,347.06708333333336,299.13654,47.93054768880211,13.810168077698837,1
2022-03-20 15:00:00,347.09426666666667,299.13046,47.963804020182295,13.818667862946246,1
2022-03-20 16:00:00,347.1325,299.45108,47.68141967773437,13.735798157872395,1
2022-03-20 17:00:00,347.15125,299.52936,47.621892089843755,13.71790882293083,1
2022-03-20 18:00:00,347.16585000000003,299.78217,47.383684472656284,13.648716985316703,1
2022-03-20 19:00:00,347.2044333333333,300.20532,46.99911106770833,13.536437447278358,1
2022-03-20 20:00:00,347.21663333333333,254.62572,92.5909161702474,26.66661300603435,1
2022-03-20 21:00:00,347.22308333333336,254.66835,92.5547331136068,26.655696953821906,1
2022-03-20 22:00:00,347.23539999999997,255.25615,91.97925070800778,26.489018816375747,1
2022-03-20 23:00:00,347.2470666666667,255.2991,91.94796388346356,26.47911888826295,1
2022-03-21 00:00:00,347.25623333333334,249.4352,97.82103741048178,28.16969941469295,-1
2022-03-21 01:00:00,347.2584,255.14076,92.11763767089843,26.527115659585853,1
2022-03-21 02:00:00,347.26045,255.11752,92.14292680664062,26.534241530038393,1
2022-03-21 03:00:00,347.2615833333333,255.34384,91.91774178059893,26.46930899571313,1
2022-03-21 04:00:00,347.3159,255.34384,91.97205844726562,26.480808446275432,1
2022-03-21 05:00:00,347.3414,255.35197,91.98942551269533,26.48386436165015,1
2022-03-21 06:00:00,347.36965,254.99884,92.37080966796873,26.59150256853289,1
2022-03-21 07:00:00,347.399,254.40129,92.99770910644531,26.769711150218683,1
2022-03-21 08:00:00,347.4515,254.40744,93.04405981445314,26.779006435909203,1
2022-03-21 09:00:00,347.50713333333334,253.92865,93.57848343098959,26.928507125620015,1
2022-03-21 10:00:00,347.5915333333333,253.92628,93.66524854329424,26.946930316625934,1
2022-03-21 11:00:00,347.70158333333336,253.85463,93.8469538167318,26.99066039537022,1
2022-03-21 12:00:00,347.8648,300.16333,47.701469921875,13.712646345576943,1
2022-03-21 13:00:00,347.93850000000003,300.05334,47.88515527343753,13.762534222516965,1
2022-03-21 14:00:00,348.01145,300.0875,47.92395610351565,13.770798623380829,1
2022-03-21 15:00:00,348.10938333333337,300.23193,47.87744973958337,13.75356479724722,1
2022-03-21 16:00:00,348.2539666666667,300.08002,48.17394957682296,13.832993748669345,1
2022-03-21 17:00:00,348.3364166666667,299.11096,49.22545475260421,14.131584369599128,1
2022-03-21 18:00:00,348.35783333333336,299.20633,49.151503987630235,14.109487183399644,1
2022-03-21 19:00:00,348.65815000000003,299.6407,49.017463964843785,14.058889437764435,1
2022-03-21 20:00:00,348.67423333333335,286.92493,61.74930657552085,17.709741786222256,-1
2022-03-21 21:00:00,348.68303333333336,254.38664,94.29639087727867,27.04358445703251,1
2022-03-21 22:00:00,348.7213166666667,254.67581,94.0455048990886,26.968671008803696,1
2022-03-21 23:00:00,348.74918333333335,255.09766,93.65152708333335,26.8535472741985,1
2022-03-22 00:00:00,348.76076666666665,249.20853,99.55224005533853,28.54456386289615,-1
2022-03-22 01:00:00,348.7624166666667,254.812,93.95042020670576,26.938229421410835,1
2022-03-22 02:00:00,348.76373333333333,254.78876,93.97497600911458,26.945168536157876,1
2022-03-22 03:00:00,348.76461666666665,254.87962,93.88499325358072,26.919299865249442,1
2022-03-22 04:00:00,348.7716333333334,255.01508,93.75655764973965,26.88193316780263,1
2022-03-22 05:00:00,348.77836666666667,255.01508,93.76329098307292,26.88334474708135,1
2022-03-22 06:00:00,348.78433333333334,254.56822,94.2161112874349,27.01271301863934,1
2022-03-22 07:00:00,348.82056666666665,254.10892,94.71164943033853,27.15196814909294,-1
2022-03-22 08:00:00,348.8752333333333,254.1132,94.76202837727863,27.16215398847661,-1
2022-03-22 09:00:00,348.93760000000003,253.92159,95.01601491699222,27.230087741960553,-1
2022-03-22 10:00:00,349.0126666666667,253.69269,95.31997867838544,27.31132348738218,-1
2022-03-22 11:00:00,349.2106333333333,286.5673,62.64334207356768,17.93855510533293,-1
2022-03-22 12:00:00,349.46105,299.08887,50.3721828125,14.41424807381467,1
2022-03-22 13:00:00,349.6404333333333,299.1234,50.517020247395806,14.44827751221556,1
2022-03-22 14:00:00,349.8179166666667,299.12753,50.690383707682315,14.490505245069807,1
2022-03-22 15:00:00,349.98453333333333,299.1626,50.82193567708333,14.521194707615095,1
2022-03-22 16:00:00,350.4056,299.28412,51.12148134765624,14.589230652068327,1
2022-04-01 00:00:00,241.59466666666668,298.17657,56.58190804036457,23.420180828838422,-1
2022-04-01 01:00:00,241.59949999999998,247.03029,5.430788696289085,2.2478476461294865,1
2022-04-01 02:00:00,241.601,247.11002,5.509015869140626,2.280212352737986,1
2022-04-01 03:00:00,241.601,246.14098,4.539975952148438,1.879121333668828,1
2022-04-01 04:00:00,241.60833333333332,246.14098,4.532642618815117,1.8760290829047672,1
2022-04-01 05:00:00,241.61056666666667,246.08018,4.469618269856767,1.8499266456023518,1
2022-04-01 06:00:00,241.6128,245.87286,4.260063769531257,1.7631780070838452,1
2022-04-01 07:00:00,241.62313333333333,245.31671,3.693578092447922,1.5286525036764127,1
2022-04-01 08:00:00,241.6301333333333,245.21861,3.5884793375651327,1.4851125036477273,1
2022-04-01 09:00:00,241.63196666666667,245.23979,3.607825203450517,1.4931075711089445,1
2022-04-01 10:00:00,241.64513333333335,245.05269,3.4075552652994645,1.410148511659651,1
2022-04-01 11:00:00,241.67256666666665,245.42989,3.7573191975911584,1.554714808498059,1
2022-04-01 12:00:00,241.75403333333333,245.68321,3.9291789469401124,1.6252795771434836,1
2022-04-01 13:00:00,241.76721666666666,245.57368,3.806468025716157,1.5744351374239143,1
2022-04-01 14:00:00,241.77078333333333,245.88196,4.111174674479173,1.700443122528415,1
2022-04-01 15:00:00,241.77333333333334,245.76013,3.9867985026041595,1.6489818919019221,1
2022-04-01 16:00:00,241.80833333333334,245.91043,4.102097574869788,1.696425222968137,1
2022-04-01 17:00:00,241.81088333333335,241.56297,0.24791031087241322,0.10252239536524413,1
2022-04-01 18:00:00,241.81140000000002,241.81148,7.76611327921728e-05,3.2116406617309493e-05,-1
2022-04-01 19:00:00,241.81806666666668,241.9837,0.16563694661456907,0.06849651401684789,1
2022-04-01 20:00:00,241.81873333333334,242.24774,0.4290083658854087,0.1774090692634447,1
2022-04-01 21:00:00,241.81873333333334,241.91937,0.1006392252604087,0.04161762964224404,1
2022-04-01 22:00:00,241.8613,241.21693,0.6443657958984375,0.2664195525428177,1
2022-04-01 23:00:00,241.87593333333334,241.853,0.022936507161460895,0.009482757027762714,1
2022-04-02 00:00:00,277.46105,260.42145,17.03960224609375,6.141259173019478,-1
2022-04-02 01:00:00,277.48806666666667,270.1249,7.363158219401043,2.6535044484312955,1
2022-04-02 02:00:00,277.51394999999997,270.08456,7.429385791015591,2.6771215516352873,1
2022-04-02 03:00:00,277.5203,269.95065,7.569646923828145,2.7276011508174838,1
2022-04-02 04:00:00,277.52191666666664,270.35867,7.163243570963516,2.581145169069974,1
2022-04-02 05:00:00,277.52285,270.74173,6.78112026367188,2.4434457340134057,1
2022-04-02 06:00:00,277.52316666666667,270.88498,6.638187418619793,2.3919399142175135,1
2022-04-02 07:00:00,277.53338333333335,270.17374,7.359646761067722,2.6518059363367863,1
2022-04-02 08:00:00,277.54740000000004,271.11603,6.431372167968789,2.3172157782045986,1
2022-04-02 09:00:00,277.5971166666667,271.37384,6.223276334635443,2.2418375186835457,1
2022-04-02 10:00:00,277.65233333333333,271.27725,6.375081136067706,2.2960661041711803,1
2022-04-02 11:00:00,277.7346166666667,271.45935,6.275266080729182,2.2594468537806374,1
2022-04-02 12:00:00,277.87039999999996,271.8166,6.053810644531211,2.178645376673715,1
2022-04-02 13:00:00,277.94685000000004,271.64746,6.29938906250004,2.2664005869597132,1
2022-04-02 14:00:00,278.03963333333337,271.4698,6.56984573567712,2.3629169817568996,1
2022-04-02 15:00:00,278.11968333333334,271.43216,6.687523909505217,2.404548935662552,1
2022-04-02 16:00:00,278.80623333333335,271.46313,7.343098567708353,2.6337641212603367,1
2022-04-02 17:00:00,279.0126833333333,271.05728,7.955401839192689,2.8512688798364665,1
2022-04-02 18:00:00,279.0996833333333,272.84265,6.257031966145803,2.241862788591666,1
2022-04-02 19:00:00,279.14205000000004,273.6645,5.47756025390629,1.96228416115861,1
2022-04-02 20:00:00,279.17685,273.56958,5.607269921875002,2.0085010278574287,1
2022-04-02 21:00:00,279.21055,273.46265,5.747903515625012,2.0586269018268624,1
2022-04-02 22:00:00,279.86806666666666,273.25424,6.613824723307289,2.3631937642791754,1
2022-04-02 23:00:00,279.91006666666664,273.5402,6.369875016276012,2.275686283589354,1
2022-04-03 00:00:00,324.6209833333333,305.91608,18.70490667317705,5.7620756438746215,1
2022-04-03 01:00:00,324.67561666666666,316.12894,8.54667989908853,2.6323750334289393,1
2022-04-03 02:00:00,324.72360000000003,315.98697,8.736631005859408,2.6904822990859256,1
2022-04-03 03:00:00,324.7682666666667,316.04608,8.722185123697955,2.6856642080100532,1
2022-04-03 04:00:00,324.8378333333333,316.05704,8.780795979817697,2.703132163726734,1
2022-04-03 05:00:00,324.88755000000003,316.05704,8.830512646484408,2.718021241289238,1
2022-04-03 06:00:00,324.9372666666667,316.01538,8.921885807291687,2.7457256200123235,1
2022-04-03 07:00:00,325.02501666666666,315.11765,9.907371402994784,3.0481873285075576,1
2022-04-03 08:00:00,325.1652,315.1766,9.988594775390652,3.0718523214268094,1
2022-04-03 09:00:00,325.3606,315.1825,10.178104882812477,3.1282536519572255,1
2022-04-03 10:00:00,325.5451333333333,314.5347,11.010434847005172,3.3821530982340926,1
2022-04-03 11:00:00,325.7565666666667,314.78537,10.97119679361981,3.3679126938880892,1
2022-04-03 12:00:00,325.90675,314.49982,11.406933105468738,3.5000603916513344,1
2022-04-03 13:00:00,326.1942833333333,315.29562,10.898659554036442,3.341155893123883,1
2022-04-03 14:00:00,326.41803333333337,314.6908,11.72723743489587,3.5927051208574414,1
2022-04-03 15:00:00,326.6188166666667,314.6908,11.928020768229203,3.6519698569242984,1
2022-04-03 16:00:00,326.8054333333333,316.19125,10.614179671223951,3.2478589876806496,1
2022-04-03 17:00:00,326.96435,316.27115,10.6932013183594,3.2704486852021977,1
2022-04-03 18:00:00,327.07606666666663,315.83496,11.241105729166634,3.436847522767332,1
2022-04-03 19:00:00,327.28546666666665,315.63495,11.6505179361979,3.5597419033782787,1
2022-04-03 20:00:00,327.37514999999996,314.89377,12.481381689453087,3.8125623314193104,1
2022-04-03 21:00:00,327.44355,314.89377,12.549781689453141,3.832655018285317,1
2022-04-03 22:00:00,327.51728333333335,315.67355,11.843729866536478,3.616215214609079,1
2022-04-03 23:00:00,327.58324999999996,315.5918,11.991453124999964,3.6605818790778057,1
